Workbook

Sheet Modal Pengelola
A1: INVENTARIS PERALATAN PENGELOLA — GGAC
A2: Pihak II — Pengelola | Metode: Depresiasi Garis Lurus | Tahun Hitung: 2026
A4: ASUMSI UMUR EKONOMIS (⚡ Ubah sel biru untuk update otomatis)
A5: No | B5: Kategori Alat | C5: Umur Ekonomis (thn) | H5: Keterangan
A6: 1 | B6: Mesin / alat berat (cable, squat machine) | C6: 10 | H6: Treadmill, squat rack, cable machine
A7: 2 | B7: Matras & aksesori lunak | C7: 5 | H7: Matras, gym ball, stepper
A8: 3 | B8: Dumbbell / besi (tidak menyusut cepat) | C8: 15 | H8: Dumbbell, barbell, kettlebell
A9: 4 | B9: Elektronik & alat ukur | C9: 5 | H9: Timbangan InBody, dsb.
A10: 5 | B10: Aksesori umum (band, blok, TRX) | C10: 3 | H10: Resistance band, yoga block, TRX
A12: DAFTAR PERALATAN & PERHITUNGAN NILAI BUKU
A13: No. | B13: Nama Peralatan | C13: Harga Beli (Rp) | D13: Thn Beli | E13: Usia (per 2026) | F13: Umur Ekonomis | G13: Nilai Buku (Rp) | H13: Kategori / Keterangan
A14: 1 | B14: Squat Track | C14: 3600000 | D14: 2022 | E14: =2026-D14 -> 4 | F14: =C6 -> 10 | G14: =MAX(0,C14*(1-E14/F14)) -> 2160000 | H14: Mesin Kode kategori: mesin
A15: 2 | B15: Dumbbell Set + Barbell | C15: 2599000 | D15: 2022 | E15: =2026-D15 -> 4 | F15: =C8 -> 15 | G15: =MAX(0,C15*(1-E15/F15)) -> 1905933.3 | H15: Besi
A16: 3 | B16: Barbell 12kg | C16: 1399000 | D16: 2022 | E16: =2026-D16 -> 4 | F16: =C8 -> 15 | G16: =MAX(0,C16*(1-E16/F16)) -> 1025933.3 | H16: Besi
A17: 4 | B17: TRX Decathlon | C17: 299000 | D17: 2025 | E17: =2026-D17 -> 1 | F17: =C10 -> 3 | G17: =MAX(0,C17*(1-E17/F17)) -> 199333.33 | H17: Aksesori
A18: 5 | B18: Matras Manduka Pro | C18: 2600000 | D18: 2023 | E18: =2026-D18 -> 3 | F18: =C7 -> 5 | G18: =MAX(0,C18*(1-E18/F18)) -> 1040000 | H18: Matras
A19: 6 | B19: Stepper | C19: 215900 | D19: 2025 | E19: =2026-D19 -> 1 | F19: =C7 -> 5 | G19: =MAX(0,C19*(1-E19/F19)) -> 172720 | H19: Matras
A20: 7 | B20: Kettle Bell | C20: 135000 | D20: 2024 | E20: =2026-D20 -> 2 | F20: =C8 -> 15 | G20: =MAX(0,C20*(1-E20/F20)) -> 117000 | H20: Besi
A21: 8 | B21: Gym Ball Besar | C21: 160000 | D21: 2022 | E21: =2026-D21 -> 4 | F21: =C7 -> 5 | G21: =MAX(0,C21*(1-E21/F21)) -> 32000 | H21: Matras
A22: 9 | B22: Treadmill | C22: 1050000 | D22: 2023 | E22: =2026-D22 -> 3 | F22: =C6 -> 10 | G22: =MAX(0,C22*(1-E22/F22)) -> 735000 | H22: Mesin
A23: 10 | B23: Pulley Set | C23: 671400 | D23: 2024 | E23: =2026-D23 -> 2 | F23: =C6 -> 10 | G23: =MAX(0,C23*(1-E23/F23)) -> 537120 | H23: Mesin
A24: 11 | B24: Timbangan InBody | C24: 4150000 | D24: 2025 | E24: =2026-D24 -> 1 | F24: =C9 -> 5 | G24: =MAX(0,C24*(1-E24/F24)) -> 3320000 | H24: Elektronik Alat ukur komposisi tubuh
A25: 12 | B25: Gym Ball Happyfit | C25: 75050 | D25: 2024 | E25: =2026-D25 -> 2 | F25: =C7 -> 5 | G25: =MAX(0,C25*(1-E25/F25)) -> 45030 | H25: Matras
A26: 13 | B26: Resistance Band | C26: 309000 | D26: 2026 | E26: =2026-D26 -> 0 | F26: =C10 -> 3 | G26: =MAX(0,C26*(1-E26/F26)) -> 309000 | H26: Aksesori
A27: 14 | B27: Yoga Block 2pcs | C27: 54000 | D27: 2025 | E27: =2026-D27 -> 1 | F27: =C10 -> 3 | G27: =MAX(0,C27*(1-E27/F27)) -> 36000 | H27: Aksesori
A28: 15 | B28: Dumbbells | C28: 100000 | D28: 2020 | E28: =2026-D28 -> 6 | F28: =C8 -> 15 | G28: =MAX(0,C28*(1-E28/F28)) -> 60000 | H28: Besi
A29: 16 | B29: Squat Machine | C29: 1360000 | D29: 2017 | E29: =2026-D29 -> 9 | F29: =C6 -> 10 | G29: =MAX(0,C29*(1-E29/F29)) -> 136000 | H29: Mesin Fully depreciated 2027
A30: 17 | B30: Accessories | C30: 500000 | D30: 2026 | E30: =2026-D30 -> 0 | F30: =C9 -> 5 | G30: =MAX(0,C30*(1-E30/F30)) -> 500000 | H30: Aksesori
A31: 18 | B31: All in One Trainer Echo - Strengthbae | C31: 23000000 | D31: 2026 | E31: =2026-D31 -> 0 | F31: =C6 -> 10 | G31: =MAX(0,C31*(1-E31/F31)) -> 23000000 | H31: Mesin
A32: TOTAL | C32: =SUM(C14:C31) -> 42277350 | G32: =SUM(G14:G31) -> 35331070
A34: ⚡ Cara pakai: Ubah Harga Beli (col C, biru) atau Tahun Beli (col D, biru). Nilai Buku (col G) terupdate otomatis. Ubah Umur Ekonomis di tabel asumsi (sel kuning, baris 6–10) untuk update semua baris sekaligus.
A38: LEGENDA WARNA
A39: ■ Biru | B39: Input / data yang dapat diubah user
A40: ■ Hitam | B40: Formula otomatis — jangan diubah manual
A41: ■ Hijau | B41: Link ke sheet lain — otomatis terupdate
A42: ■ Kuning bg | B42: Asumsi kunci — perlu perhatian

Sheet Investasi Investor
A1: RENCANA INVESTASI INVESTOR — GGAC
A2: Pihak I — Owner / Investor | Rencana Pengadaan Peralatan & Fasilitas
A4: PERALATAN GYM
A5: No. | B5: Nama Peralatan | C5: Qty | D5: Harga Satuan (Rp) | E5: Total (Rp) | F5: Catatan
A6: 1 | B6: Bench | C6: 1 | D6: 3750000 | E6: =C6*D6 -> 3750000 | F6: Melengkapi cable machine
A7: 2 | B7: Stall Bar / Wall Bar | C7: 1 | D7: 2000000 | E7: =C7*D7 -> 2000000 | F7: Keseimbangan & kelas grup
A8: 3 | B8: Rubber Floor (50x50cm , 1cm) | C8: 5 | D8: 335000 | E8: =C8*D8 -> 1675000 | F8: Area mesin & TRX (per m²)
A9: 4 | B9: Rubber Floor (1x1m , 2cm) | C9: 6 | D9: 593000 | E9: =C9*D9 -> 3558000 | F9: Latihan kekuatan
A10: 5 | B10: Dumbell 3-tier Rack | C10: 1 | D10: 2935000 | E10: =C10*D10 -> 2935000 | F10: Latihan kekuatan
A11: 6 | B11: Dumbells 1-5kg (@ 2pasang) | C11: 1 | D11: 3398000 | E11: =C11*D11 -> 3398000 | F11: Investasi jangka panjang
A12: 7 | B12: Yoga Mat SFIDN FITS | C12: 4 | D12: 500000 | E12: =C12*D12 -> 2000000 | F12: Floor excercise
A13: Subtotal Peralatan Gym | E13: =SUM(E6:E12) -> 19316000
A15: FASILITAS PENUNJANG
A16: No. | B16: Item Fasilitas | C16: Qty | D16: Est. Biaya Satuan (Rp) | E16: Total (Rp) | F16: Catatan
A17: 1 | B17: Akses Internet | C17: 1 | D17: 500000 | E17: =C17*D17 -> 500000 | F17: Operasional administrasi
A18: 2 | B18: Tirai penutup kaca | C18: 1 | D18: 4000000 | E18: =C18*D18 -> 4000000 | F18: Mengurangi panas matahari
A19: 3 | B19: Lemari penyimpanan | C19: 1 | D19: 1500000 | E19: =C19*D19 -> 1500000 | F19: Penyimpanan peralatan gym
A20: 4 | B20: Locker klien | C20: 1 | D20: 2000000 | E20: =C20*D20 -> 2000000 | F20: Penyimpanan barang klien
A21: 5 | B21: Cermin | C21: 2 | D21: 4000000 | E21: =C21*D21 -> 8000000 | F21: Koreksi postur klien
A22: 6 | B22: Sofa / tempat duduk | C22: 1 | D22: 1500000 | E22: =C22*D22 -> 1500000 | F22: Kenyamanan pengantar
A23: 7 | B23: Shower pria | C23: 2 | D23: 3000000 | E23: =C23*D23 -> 6000000 | F23: Fasilitas mandi
A24: 8 | B24: Shower wanita | C24: 2 | D24: 3000000 | E24: =C24*D24 -> 6000000 | F24: Fasilitas mandi
A25: Subtotal Fasilitas Penunjang | E25: =SUM(E17:E24) -> 29500000
A26: Buffer biaya tak terduga | B26: =C26*100&"% dari subtotal" -> 20% dari subtotal | C26: 0.2 | D26: ← ubah % | E26: =(E13+E25)*C26 -> 9763200
A27: TOTAL INVESTASI AWAL INVESTOR (termasuk buffer) | E27: =E13+E25+E26 -> 58579200
A29: Cara pakai: Ubah Qty (col C, biru) atau harga satuan (col D, biru). Total otomatis terupdate. Besar Buffer di sel kuning dapat diubah sesuai kebutuhan.
B33: LEGENDA WARNA
B34: ■ Biru | C34: Input / data yang dapat diubah user
B35: ■ Hitam | C35: Formula otomatis — jangan diubah manual
B36: ■ Hijau | C36: Link ke sheet lain — otomatis terupdate
B37: ■ Kuning bg | C37: Asumsi kunci — perlu perhatian

Sheet Ringkasan Modal
A1: RINGKASAN MODAL AWAL — GGAC
A2: Perbandingan kontribusi modal Pihak I (Owner) dan Pihak II (Pengelola)
A4: Komponen Modal | B4: Pihak I — Owner (Rp) | C4: Pihak II — Pengelola (Rp) | D4: % dari Total Modal | E4: Keterangan
A5: Peralatan gym baru | B5: ='Investasi Investor'!E13 -> 19316000 | C5: 0 | D5: =IFERROR(IF(ISNUMBER(B5),B5/(B11+C11),IF(ISNUMBER(C5),C5/(B11+C11),"-")),"-") -> 0.2056857 | E5: Sesuai daftar Sheet 2
A6: Fasilitas penunjang (estimasi) | B6: ='Investasi Investor'!E25 -> 29500000 | C6: 0 | D6: =IFERROR(IF(ISNUMBER(B6),B6/(B11+C11),IF(ISNUMBER(C6),C6/(B11+C11),"-")),"-") -> 0.31412965 | E6: Estimasi, belum final
A7: ="Buffer "&'Investasi Investor'!C26*100&"% biaya tak terduga" -> Buffer 20% biaya tak terduga | B7: ='Investasi Investor'!E26 -> 9763200 | C7: 0 | D7: =IFERROR(IF(ISNUMBER(B7),B7/(B11+C11),IF(ISNUMBER(C7),C7/(B11+C11),"-")),"-") -> 0.10396307
A8: Peralatan existing pengelola (nilai buku) | B8: 0 | C8: ='Modal Pengelola'!G32 -> 35331070 | D8: =IFERROR(IF(ISNUMBER(B8),B8/(B11+C11),IF(ISNUMBER(C8),C8/(B11+C11),"-")),"-") -> 0 | E8: Nilai buku per 2026 dari 17 item
A9: Akses lokasi tanpa sewa | B9: Non-kas | C9: 0 | D9: =IFERROR(IF(ISNUMBER(B9),B9/(B11+C11),IF(ISNUMBER(C9),C9/(B11+C11),"-")),"-") -> 0 | E9: Kontribusi in-kind Pihak I — belum dinilai
A10: Konsep & kurikulum & klien existing | B10: 0 | C10: Non-kas | D10: =IFERROR(IF(ISNUMBER(B10),B10/(B11+C11),IF(ISNUMBER(C10),C10/(B11+C11),"-")),"-") -> 0 | E10: Kontribusi in-kind Pihak II — belum dinilai
A11: TOTAL MODAL KAS | B11: =SUMIF(B5:B10,">0",B5:B10) -> 58579200 | C11: =SUMIF(C5:C10,">0",C5:C10) -> 35331070 | D11: =B11/(B11+C11) -> 0.62377842
A13: SKEMA BAGI HASIL (dapat diubah)
A14: Parameter | B14: Pihak I — Owner | C14: Pihak II — Pengelola | D14: Selisih Porsi vs Modal | E14: Keterangan
A15: Porsi bagi hasil laba bersih | B15: 0.3 | C15: =1-B15 -> 0.7 | D15: =B15-B11/(B11+C11) -> -0.32377842 | E15: Negatif = owner dapat bagi hasil < porsi modal
A17: 📌 ANALISIS: • Sel kuning (baris bagi hasil) dapat diubah untuk simulasi negosiasi. • Kolom D (Selisih Porsi vs Modal): jika negatif, owner mendapat bagi hasil lebih kecil dari porsi modalnya. • Kontribusi non-kas pengelola (keahlian, klien, kurikulum) belum dinilai — disarankan mencantumkan valuasi dalam term sheet agar posisi kedua pihak seimbang secara legal. • Semua sel hijau = linked dari Sheet lain, berubah otomatis jika data di sheet asal diubah.
A22: LEGENDA WARNA
A23: ■ Biru | B23: Input / data yang dapat diubah user
A24: ■ Hitam | B24: Formula otomatis — jangan diubah manual
A25: ■ Hijau | B25: Link ke sheet lain — otomatis terupdate
A26: ■ Kuning bg | B26: Asumsi kunci — perlu perhatian
