Workbook

Sheet Ringkasan
A1: RINGKASAN
A2: 1 | B2: Sheet kedua (Modal Pengelola) berisi modal awal yang dimiliki oleh pengelola (Evline) setelah dipotong nilai buku.
A3: 2 | B3: Sheet kedua Juga berisi barang-barang tambahan / alat tambahan yang ditambahkan ketika sesi kelas / private berjalan.
A4: 3 | B4: Sheet ketiga (Investasi Invstor) berisi modal awal yang kurang lebih dibutuhkan untuk ditambahkan oleh investor.
A5: 4 | B5: Sheet keempat (Ringkasan Modal) berisi perbandingan modal Peengelola dan Modal Investor.
A6: 5 | B6: Kebutuhan paling urgent (segera disediakan) adalah: penambahan dumbell (sedikit dahulu) dan All in One Trainer Echo Strenghbae.
A7: 6 | B7: Link mesin: https://www.tokopedia.com/strengthbae/all-in-one-trainer-echo-strengthbae-squat-rack-power-rack-smith-machine-cable-machine-functional-trainer-pull-up-1732188275480364996?extParam=ivf%3Dfalse%26keyword%3Dall+in+one+echo+trainer%26search_id%3D20260511035103577BCC914F9E5514FLSP%26src%3Dsearch
A8: 7 | B8: Pemilihan alat ini dikarenakan lebih komplit sehingga sesi private bisa bertambah dan dapat menarik minat dari penghuni apartemen untuk latihan mandiri tanpa PT.
A10: PENDAPATAN
A11: 1 | B11: Pendapatan Maret 2026: Rp 800.000 (dari client lama pengelola)
A12: 2 | B12: Pendapatan April 2026: Rp 1.930.000 (dari client lama pengelola)
A13: 3 | B13: Pendapatan Mei (s/d tanggal 9): Rp 1.500.000 (dari client lama pengelola) + Rp 600.000 (dari kelas chair exercise) = Rp 2.100.000
A15: STATUS CLIENT PENGELOLA
A16: 1 | B16: 13 Orang sudah pindah ke Greko
A17: 2 | B17: 9 Orang tidak diperpanjang
A18: 3 | B18: Dokter Debora (Muara Indah) kemungkinan juga tidak akan diperpanjang
A19: 4 | B19: 5 Orang masih home visit (2 pasang suami istri: Oom Ching & di Gatsu) & Oma 87 tahun di Singgasana (tinggal sendirian)
A20: 5 | B20: 2 Orang client baru di Greko
A22: KETERANGAN
A23: 1 | B23: Penambahan alat baru untuk keperluan Kelas dan Private: 12pcs Resistant Band, 2pcs Angkle Strap, dan rencana akan ada tambahan berikutnya, tetapi
A24: 2 | B24: Dana saat ini sedang diprioritaskan untuk mengambil pelatihan Strength Training for Senior (untuk Arsen) di bulan Agustus sebelum pendaftaran ditutup karena penuh.

Sheet Modal Pengelola
A1: INVENTARIS PERALATAN PENGELOLA — GGAC
A2: Pihak II — Pengelola | Metode: Depresiasi Garis Lurus | Tahun Hitung: 2026 | ⚡ Sel BIRU = input, HITAM = formula, HIJAU = link antar sheet
A4: ASUMSI UMUR EKONOMIS (⚡ Ubah sel KUNING — semua nilai buku terupdate otomatis)
A5: No | B5: Kategori Alat | C5: Umur Ekonomis (thn) | H5: Keterangan
A6: 1 | B6: Mesin / alat berat (cable, squat machine) | C6: 10 | H6: Treadmill, squat rack, cable machine
A7: 2 | B7: Matras & aksesori lunak | C7: 5 | H7: Matras, gym ball, stepper
A8: 3 | B8: Dumbbell / besi (tidak menyusut cepat) | C8: 15 | H8: Dumbbell, barbell, kettlebell
A9: 4 | B9: Elektronik & alat ukur | C9: 5 | H9: Timbangan InBody, dsb.
A10: 5 | B10: Aksesori umum (band, blok, TRX) | C10: 3 | H10: Resistance band, yoga block, TRX
A12: DAFTAR PERALATAN & PERHITUNGAN NILAI BUKU
A13: No. | B13: Nama Peralatan | C13: Harga Beli (Rp) | D13: Thn Beli | E13: Usia (per 2026) | F13: Umur Ekonomis (thn) | G13: Nilai Buku (Rp) | H13: Kategori
A14: 1 | B14: Squat Track | C14: 3600000 | D14: 2022 | E14: =2026-D14 -> 4 | F14: =C6 -> 10 | G14: =MAX(0,C14*(1-E14/F14)) -> 2160000 | H14: Mesin
A15: 2 | B15: Dumbbell Set + Barbell | C15: 2599000 | D15: 2022 | E15: =2026-D15 -> 4 | F15: =C8 -> 15 | G15: =MAX(0,C15*(1-E15/F15)) -> 1905933.3 | H15: Besi
A16: 3 | B16: Barbell 12kg | C16: 1399000 | D16: 2022 | E16: =2026-D16 -> 4 | F16: =C8 -> 15 | G16: =MAX(0,C16*(1-E16/F16)) -> 1025933.3 | H16: Besi
A17: 4 | B17: TRX Decathlon | C17: 299000 | D17: 2025 | E17: =2026-D17 -> 1 | F17: =C10 -> 3 | G17: =MAX(0,C17*(1-E17/F17)) -> 199333.33 | H17: Aksesori
A18: 5 | B18: Matras Manduka Pro | C18: 2600000 | D18: 2023 | E18: =2026-D18 -> 3 | F18: =C7 -> 5 | G18: =MAX(0,C18*(1-E18/F18)) -> 1040000 | H18: Matras
A19: 6 | B19: Stepper | C19: 215900 | D19: 2025 | E19: =2026-D19 -> 1 | F19: =C7 -> 5 | G19: =MAX(0,C19*(1-E19/F19)) -> 172720 | H19: Matras
A20: 7 | B20: Kettle Bell | C20: 135000 | D20: 2024 | E20: =2026-D20 -> 2 | F20: =C8 -> 15 | G20: =MAX(0,C20*(1-E20/F20)) -> 117000 | H20: Besi
A21: 8 | B21: Gym Ball Besar | C21: 160000 | D21: 2022 | E21: =2026-D21 -> 4 | F21: =C7 -> 5 | G21: =MAX(0,C21*(1-E21/F21)) -> 32000 | H21: Matras
A22: 9 | B22: Treadmill | C22: 1050000 | D22: 2023 | E22: =2026-D22 -> 3 | F22: =C6 -> 10 | G22: =MAX(0,C22*(1-E22/F22)) -> 735000 | H22: Mesin
A23: 10 | B23: Pulley Set | C23: 671400 | D23: 2024 | E23: =2026-D23 -> 2 | F23: =C6 -> 10 | G23: =MAX(0,C23*(1-E23/F23)) -> 537120 | H23: Mesin
A24: 11 | B24: Timbangan InBody | C24: 4150000 | D24: 2025 | E24: =2026-D24 -> 1 | F24: =C9 -> 5 | G24: =MAX(0,C24*(1-E24/F24)) -> 3320000 | H24: Elektronik
A25: 12 | B25: Gym Ball Happyfit | C25: 75050 | D25: 2024 | E25: =2026-D25 -> 2 | F25: =C7 -> 5 | G25: =MAX(0,C25*(1-E25/F25)) -> 45030 | H25: Matras
A26: 13 | B26: Resistance Band | C26: 309000 | D26: 2026 | E26: =2026-D26 -> 0 | F26: =C10 -> 3 | G26: =MAX(0,C26*(1-E26/F26)) -> 309000 | H26: Aksesori
A27: 14 | B27: Yoga Block 2pcs | C27: 54000 | D27: 2025 | E27: =2026-D27 -> 1 | F27: =C10 -> 3 | G27: =MAX(0,C27*(1-E27/F27)) -> 36000 | H27: Aksesori
A28: 15 | B28: Dumbbells | C28: 100000 | D28: 2020 | E28: =2026-D28 -> 6 | F28: =C8 -> 15 | G28: =MAX(0,C28*(1-E28/F28)) -> 60000 | H28: Besi
A29: 16 | B29: Squat & Back Cycle | C29: 1360000 | D29: 2017 | E29: =2026-D29 -> 9 | F29: =C6 -> 10 | G29: =MAX(0,C29*(1-E29/F29)) -> 136000 | H29: Mesin
A30: 17 | B30: Accessories | C30: 800000 | D30: 2026 | E30: =2026-D30 -> 0 | F30: =C10 -> 3 | G30: =MAX(0,C30*(1-E30/F30)) -> 800000 | H30: Aksesori
A31: TOTAL NILAI BUKU MODAL PENGELOLA | C31: =SUM(C14:C30) -> 19577350 | G31: =SUM(G14:G30) -> 12631070
A33: ⚡ CARA PAKAI: Ubah Harga Beli (C, biru) atau Tahun Beli (D, biru) → Nilai Buku (G) terupdate. Ubah Umur Ekonomis (baris 6–10, kuning) → semua item kategori sama ikut berubah. Kolom G otomatis = 0 jika alat sudah habis masa pakainya.

Sheet Investasi Investor
A1: RENCANA INVESTASI INVESTOR — GGAC
A2: Pihak I — Owner / Investor | ⚡ Ubah Qty atau harga (sel BIRU) → Total otomatis terupdate | Qty=0 = belum dibeli (tidak masuk total)
A4: 📦 FASE 1 — PRIORITAS / URGENT (item aktif, langsung dibutuhkan)
A5: No. | B5: Nama Peralatan / Item | C5: Qty | D5: Harga Satuan (Rp) | E5: Total (Rp) | F5: Keterangan
A6: 1 | B6: All in One Trainer Echo (Strengthbae) | C6: 1 | D6: 23000000 | E6: =C6*D6 -> 23000000 | F6: Prioritas utama
A7: 2 | B7: Bench (Strengthbae) | C7: 1 | D7: 8160000 | E7: =C7*D7 -> 8160000 | F7: Melengkapi machine all in one
A8: 3 | B8: Dumbbell 3-tier Rack (Strengthbae) | C8: 1 | D8: 3000000 | E8: =C8*D8 -> 3000000 | F8: Rak dumbbell
A9: 4 | B9: Dumbbell 1-5kg /pce (Strengthbae) | C9: 4 | D9: 2700000 | E9: =C9*D9 -> 10800000 | F9: Latihan kekuatan tangan
A10: Subtotal Fase 1 | E10: =SUM(E6:E9) -> 44960000
A12: 📦 FASE 2 — PENGEMBANGAN (Qty=0 = belum dibeli, tidak masuk perhitungan ROI Fase 1)
A13: No. | B13: Nama Peralatan / Item | C13: Qty | D13: Harga Satuan (Rp) | E13: Total (Rp) | F13: Keterangan
A14: 1 | B14: Stall Bar (No Brand) 1 set | C14: 1 | D14: 1500000 | E14: =C14*D14 -> 1500000 | F14: Keseimbangan & kelas grup
A15: 2 | B15: Rubber Floor 3cm /m² (Strengthbae) 6m2 | C15: 6 | D15: 825000 | E15: =C15*D15 -> 4950000 | F15: Area mesin & TRX
A16: 3 | B16: Rubber Floor 1cm /m² (Strengthbae) 6m2 | C16: 6 | D16: 335000 | E16: =C16*D16 -> 2010000 | F16: Area mesin & TRX
A17: 4 | B17: Yoga Mat (Kettler) 4 pcs | C17: 4 | D17: 500000 | E17: =C17*D17 -> 2000000 | F17: Floor exercise
A18: 5 | B18: Dumbbell 1-5kg /pce (Strengthbae) | C18: 4 | D18: 2700000 | E18: =C18*D18 -> 10800000 | F18: Latihan kekuatan tangan
A19: Subtotal Fase 2 (otomatis =0 selama semua Qty=0) | E19: =SUM(E14:E17) -> 10460000
A21: 🏠 FASILITAS PENUNJANG (Qty=0 = belum dibeli / ditunda)
A22: No. | B22: Item Fasilitas | C22: Qty | D22: Est. Biaya Satuan (Rp) | E22: Total (Rp) | F22: Keterangan
A23: 1 | B23: Tirai penutup kaca | C23: 6 | D23: 300000 | E23: =C23*D23 -> 1800000 | F23: Mengurangi panas matahari
A24: 2 | B24: Lemari penyimpanan | C24: 1 | D24: 1500000 | E24: =C24*D24 -> 1500000 | F24: Penyimpanan peralatan gym
A25: 3 | B25: Locker klien | C25: 1 | D25: 2000000 | E25: =C25*D25 -> 2000000 | F25: Penyimpanan barang klien
A26: 4 | B26: Cermin | C26: 2 | D26: 4000000 | E26: =C26*D26 -> 8000000 | F26: Koreksi postur klien
A27: 5 | B27: Shower pria | C27: 0 | D27: 3000000 | E27: =C27*D27 -> 0 | F27: Ditunda ke Fase 2
A28: 6 | B28: Shower wanita | C28: 0 | D28: 3000000 | E28: =C28*D28 -> 0 | F28: Ditunda ke Fase 2
A29: Subtotal Penunjang (hanya Qty>0) | E29: =SUM(E23:E28) -> 13300000
A31: 📊 RINGKASAN PERHITUNGAN — Fase 1 vs Fase 1+2 (terupdate otomatis saat Qty atau harga diubah)
A32: Komponen | B32: Fase 1 saja (Rp) | C32: Fase 1 + 2 (Rp) | D32: Selisih / tambahan (Rp) | E32: Keterangan
A33: Peralatan gym Fase 1 | B33: =E10 -> 44960000 | C33: =E10 -> 44960000 | D33: =C33-B33 -> 0 | E33: Sama untuk kedua skenario
A34: Peralatan gym Fase 2 | B34: =0 -> 0 | C34: =E19 -> 10460000 | D34: =C34-B34 -> 10460000 | E34: Hanya masuk Fase 1+2
A35: Fasilitas penunjang (Qty>0) | B35: =E29 -> 13300000 | C35: =E29 -> 13300000 | D35: =C35-B35 -> 0 | E35: Sama untuk kedua skenario
A36: Subtotal sebelum buffer | B36: =B33+B34+B35 -> 58260000 | C36: =C33+C34+C35 -> 68720000 | D36: =C36-B36 -> 10460000
A37: Buffer % (ubah sel KUNING di sini)→ | B37: =B36*E37 -> 5826000 | C37: =C36*E37 -> 6872000 | D37: =C37-B37 -> 1046000 | E37: 0.1 | F37: ← Ubah % buffer di sini (default 10%)
A38: TOTAL INVESTASI OWNER | B38: =B36+B37 -> 64086000 | C38: =C36+C37 -> 75592000 | D38: =C38-B38 -> 11506000 | E38: Gunakan sesuai fase yg dipilih
A40: ⚡ CARA PAKAI: (1) Ubah Qty/harga item (sel BIRU) → Total & Ringkasan terupdate otomatis. (2) Qty=0 = belum dibeli — otomatis tidak masuk subtotal. (3) Ubah % buffer (sel KUNING kanan) → semua total terupdate. (4) Saat Fase 2 siap beli: ubah Qty dari 0 ke jumlah yg dibutuhkan.

Sheet Ringkasan Modal
A1: RINGKASAN MODAL AWAL — GGAC
A2: Perbandingan kontribusi modal Pihak I (Owner) dan Pihak II (Pengelola) | Ditampilkan dalam dua skenario: Fase 1 saja vs Fase 1 + Fase 2
A4: Komponen Modal | B4: Owner — Fase 1 (Rp) | C4: Owner — Fase 1+2 (Rp) | D4: Pengelola Pihak II (Rp) | E4: % Modal Total (Fase 1) | F4: Keterangan
A5: Peralatan gym Fase 1 (Qty>0) | B5: ='Investasi Investor'!E10 -> 44960000 | C5: ='Investasi Investor'!E10 -> 44960000 | D5: 0 | E5: =IFERROR((B5+D5)/(B12+D12),"-") -> 0.58604949 | F5: Lihat Sheet Investasi Investor — Fase 1
A6: Peralatan gym Fase 2 (saat dibeli) | B6: 0 | C6: ='Investasi Investor'!E19 -> 10460000 | D6: 0 | F6: Fase 2: Qty=0 saat ini → total otomatis 0. Ubah Qty saat siap beli.
A7: Fasilitas penunjang (Qty>0) | B7: ='Investasi Investor'!E29 -> 13300000 | C7: ='Investasi Investor'!E29 -> 13300000 | D7: 0 | E7: =IFERROR((B7+D7)/(B12+D12),"-") -> 0.17336429 | F7: Tirai, lemari, locker, cermin aktif
A8: Buffer biaya tak terduga | B8: ='Investasi Investor'!B37 -> 5826000 | C8: ='Investasi Investor'!C37 -> 6872000 | D8: 0 | E8: =IFERROR((B8+D8)/(B12+D12),"-") -> 0.075941378 | F8: =TEXT('Investasi Investor'!E37,"0%")&" dari subtotal masing-masing fase" -> 10% dari subtotal masing-masing fase
A9: Peralatan existing pengelola (nilai buku) | B9: 0 | C9: 0 | D9: ='Modal Pengelola'!G31 -> 12631070 | E9: =IFERROR((B9+D9)/(B12+D12),"-") -> 0.16464484 | F9: Nilai buku per 2026 — lihat Sheet Modal Pengelola
A10: Akses lokasi tanpa sewa (in-kind) | B10: Non-kas | C10: Non-kas | D10: 0 | F10: Kontribusi in-kind Pihak I — belum dinilai secara kas
A11: Keahlian, kurikulum & klien existing (in-kind) | B11: 0 | C11: 0 | D11: Non-kas | F11: Kontribusi in-kind Pihak II — belum dinilai secara kas
A12: TOTAL MODAL KAS | B12: =SUMIF(B5:B11,">0") -> 64086000 | C12: =SUMIF(C5:C11,">0") -> 75592000 | D12: =SUMIF(D5:D11,">0") -> 12631070 | E12: 100%
A14: 📊 SKEMA BAGI HASIL (⚡ Ubah sel KUNING untuk simulasi negosiasi)
A15: Parameter | B15: Owner — Fase 1 | C15: Owner — Fase 1+2 | D15: Pengelola Pihak II | E15: Selisih Porsi vs Modal Fase 1 | F15: Keterangan
A16: Porsi bagi hasil laba bersih (%) | B16: 0.25 | C16: =B16 -> 0.25 | D16: =1-B16 -> 0.75 | E16: =B16-B12/(B12+D12) -> -0.58535516 | F16: Negatif = owner dapat < porsi modal | Ubah sel B ini untuk simulasi
A17: Bagian owner/bln jika laba Rp 12 juta | B17: =B16*12000000 -> 3000000 | C17: =B16*12000000 -> 3000000 | D17: =(1-B16)*12000000 -> 9000000 | F17: Contoh ilustrasi dengan laba bersih Rp 12 jt/bln
A18: ROI owner / thn (estimasi laba Rp 12 jt/bln) | B18: =IFERROR(B16*12000000*12/B12,"-") -> 0.56174515 | C18: =IFERROR(B16*12000000*12/C12,"-") -> 0.47624087 | D18: =IFERROR((1-B16)*12000000*12/D12,"-") -> 8.5503445 | F18: Ubah angka 12000000 sesuai laba proyeksi aktual
A20: 📌 ANALISIS & PANDUAN NEGOSIASI • Ubah bagi hasil (sel B kuning baris 'Porsi bagi hasil') → ROI otomatis terhitung untuk kedua pihak. • Selisih porsi vs modal (kolom E): jika negatif, owner mendapat bagi hasil lebih kecil dari porsi modal. Ini dapat dijustifikasi jika pengelola berkontribusi keahlian, klien existing, dan manajemen operasional. • Kolom 'Fase 1+2' relevan digunakan setelah Fase 2 benar-benar dibeli (Qty diubah dari 0). • Semua sel HIJAU = link otomatis dari sheet lain — berubah saat data di sheet asal diubah.
A25: LEGENDA WARNA — berlaku di semua sheet
A26: ■ Biru | B26: Input / angka yang dapat diubah user
A27: ■ Hitam | B27: Formula otomatis — jangan diubah manual
A28: ■ Hijau | B28: Link ke sheet lain — otomatis terupdate
A29: ■ Kuning (background) | B29: Asumsi kunci — perlu perhatian khusus
A30: ■ Qty = 0 | B30: Item belum dibeli — otomatis tidak masuk subtotal
